Beneficiary Wallet,Originating Wallet
Aptos Mainnet Wallet 214,Aptos Mainnet Wallet 113
Aptos Mainnet Wallet 218,Aptos Mainnet Wallet 168
Aptos Mainnet Wallet 220,Aptos Mainnet Wallet 110
Aptos Mainnet Wallet 221,Aptos Mainnet Wallet 108
Aptos Mainnet Wallet 226,Aptos Mainnet Wallet 65
Aptos Mainnet Wallet 227,Aptos Mainnet Wallet 24
Aptos Mainnet Wallet 228,Aptos Mainnet Wallet 53
Aptos Mainnet Wallet 230,Aptos Mainnet Wallet 6
Aptos Mainnet Wallet 236,Aptos Mainnet Wallet 174
Aptos Mainnet Wallet 246,Aptos Mainnet Wallet 36
Aptos Mainnet Wallet 249,Aptos Mainnet Wallet 144
Aptos Mainnet Wallet 250,Aptos Mainnet Wallet 171
Aptos Mainnet Wallet 256,Aptos Mainnet Wallet 23
Aptos Mainnet Wallet 257,Aptos Mainnet Wallet 31
Coinbase - Aptos 1,Aptos Mainnet Wallet 140
Coinbase - Aptos 2,Aptos Mainnet Wallet 55
Coinbase - Aptos 3,Aptos Mainnet Wallet 10
Coinbase - Aptos 3,Aptos Mainnet Wallet 102
Coinbase - Aptos 3,Aptos Mainnet Wallet 103
Coinbase - Aptos 3,Aptos Mainnet Wallet 104
Coinbase - Aptos 3,Aptos Mainnet Wallet 105
Coinbase - Aptos 3,Aptos Mainnet Wallet 118
Coinbase - Aptos 3,Aptos Mainnet Wallet 127
Coinbase - Aptos 3,Aptos Mainnet Wallet 130
Coinbase - Aptos 3,Aptos Mainnet Wallet 132
Coinbase - Aptos 3,Aptos Mainnet Wallet 139
Coinbase - Aptos 3,Aptos Mainnet Wallet 148
Coinbase - Aptos 3,Aptos Mainnet Wallet 151
Coinbase - Aptos 3,Aptos Mainnet Wallet 154
Coinbase - Aptos 3,Aptos Mainnet Wallet 155
Coinbase - Aptos 3,Aptos Mainnet Wallet 157
Coinbase - Aptos 3,Aptos Mainnet Wallet 169
Coinbase - Aptos 3,Aptos Mainnet Wallet 175
Coinbase - Aptos 3,Aptos Mainnet Wallet 19
Coinbase - Aptos 3,Aptos Mainnet Wallet 58
Coinbase - Aptos 3,Aptos Mainnet Wallet 62
Coinbase - Aptos 3,Aptos Mainnet Wallet 70
Coinbase - Aptos 3,Aptos Mainnet Wallet 71
Coinbase - Aptos 3,Aptos Mainnet Wallet 75
Coinbase - Aptos 3,Aptos Mainnet Wallet 78
Coinbase - Aptos 3,Aptos Mainnet Wallet 84
Coinbase - Aptos 3,Aptos Mainnet Wallet 85
Coinbase - Aptos 3,Aptos Mainnet Wallet 88
Coinbase - Aptos 3,Aptos Mainnet Wallet 97
Coinbase - Aptos 3,Aptos Mainnet Wallet 98
Coinbase - Aptos 4,Aptos Mainnet Wallet 1
Coinbase - Aptos 4,Aptos Mainnet Wallet 106
Coinbase - Aptos 6,Aptos Mainnet Wallet 138
Coinbase - Aptos 6,Aptos Mainnet Wallet 17
Coinbase - Aptos 7,Aptos Mainnet Wallet 109
Coinbase - Aptos 9,Aptos Mainnet Wallet 93